codigo_entidad,ine_coberturaNeta_m,ine_tasaDesercion_m,ine_tasaRepitencia_m,ine_tasaAnalfabetismo_m,ine_porcentajeAsistencia_m,ine_pruebaLecturaMatematicas_m,ine_pruebaLecturaCritica_m
1001,8660.833333333334,319.1666666666667,220.33333333333334,518,7021,5011,5151.2
5000,8885.333333333334,379.3333333333333,367.3333333333333,446,6797,4903,5140.8
5001,10228.5,347,411.8333333333333,NA,NA,5012.8,5261.6
5002,8436.666666666666,307.3333333333333,428.1666666666667,1015,6813,4851.2,5073
5004,8975,183.33333333333334,307.5,697,6941,4536,4835.8
5021,10647,227.5,299.8333333333333,863,7415,4784.6,5069.8
5030,7049.5,466.6666666666667,493.6666666666667,758,5941,4606.4,4955.8
5031,9044.833333333334,480.1666666666667,498.1666666666667,1041,6813,4615.8,4817
5034,7835.333333333333,433.8333333333333,481,985,6599,4792,5032.6
5036,6856.166666666667,301,285.3333333333333,975,6559,4659.2,5006
5038,9697,477,273.6666666666667,1336,7064,4212.4,4495.8
5040,9167.333333333334,434,386.5,1081,6607,4162.8,4522
5042,9785.166666666666,566.6666666666666,339.5,880,6863,4597.2,4899.6
5044,7599.166666666667,342.8333333333333,68.66666666666667,1530,6706,4621.4,4831
5045,6726.333333333333,479.8333333333333,172.33333333333334,544,6936,4610.8,4898.8
5051,7805.333333333333,318.8333333333333,438,1307,7410,4331.2,4507.8
5055,7654.166666666667,474.1666666666667,486.8333333333333,998,6901,4370.6,4684
5059,6838.833333333333,393,794.5,1781,7199,5004.6,5153.4
5079,7389.833333333333,310.3333333333333,337,563,7024,4697,4995.4
5086,9223.166666666666,356.3333333333333,469.5,720,7015,4588.4,4780.2
5088,8046.166666666667,353.8333333333333,208,206,6830,4919.6,5198.8
5091,7996.166666666667,562.8333333333334,476,1250,6815,4704.8,4913
5093,8787.666666666666,549.8333333333334,363.6666666666667,1519,6594,4339.8,4667.4
5101,8291.5,712.8333333333334,568,1060,6655,4906.8,5210
5107,8298.666666666666,502.6666666666667,508.8333333333333,1337,6932,4280.2,4529.4
5113,10057.333333333334,545.8333333333334,226.66666666666666,1106,6282,4322,4680.2
5120,7412.333333333333,592,362,1721,7354,4561.6,4776.8
5125,7794.666666666667,337.5,2.3333333333333335,1223,6990,4277,4594.8
5129,8307,329.3333333333333,391.8333333333333,287,6532,5035.8,5257.4
5134,8235.5,341,425.5,1515,6671,4560.2,4911.6
5138,7723.5,293,218.33333333333334,1091,6921,4326.2,4669.4
5142,7268.166666666667,263.8333333333333,106,1042,6749,4446,4760.4
5145,7521,358.5,330,810,7146,4542.6,4883.6
5147,8423.833333333334,399.1666666666667,232.66666666666666,774,6607,4721.8,4958.6
5148,8543.666666666666,229,442.1666666666667,465,6598,5205.4,5337.8
5150,9718.833333333334,248.83333333333334,404.8333333333333,674,7216,4919,5113.6
5154,8067.333333333333,402.6666666666667,476.5,834,7046,4837.8,5026.6
5172,7777.333333333333,597.5,503.6666666666667,954,6782,4614.2,4841.6
5190,8797,281.8333333333333,196.66666666666666,525,6878,4471.6,4750.4
5197,10176.5,391.5,468.5,1037,7045,4976,5059.2
5206,10064.333333333334,204.16666666666666,197.33333333333334,756,7162,4395,4680
5209,7881.833333333333,397,574.3333333333334,1627,6568,4466.4,4746.4
5212,10021.166666666666,326.8333333333333,412.5,254,7242,5197.6,5363
5234,9168.833333333334,472.8333333333333,300.5,1940,6893,4313.4,4587.2
5237,7791.833333333333,396,435.5,344,6465,5117.6,5281
5240,7319,315.3333333333333,487.5,1295,7417,4666.2,4928.8
5250,10887.666666666666,519.3333333333334,258.1666666666667,1243,6766,4361.4,4637.4
5264,8583.166666666666,393.1666666666667,564.3333333333334,278,6639,5222.8,5273.4
5266,7173.833333333333,220.66666666666666,404.5,88,7703,5654.8,5714.8
5282,7495.5,394.1666666666667,256.5,890,6700,4495.8,4838.2
5284,11319.333333333334,361.6666666666667,528,1461,7176,4761.2,5058.2
5306,12708.833333333334,426.3333333333333,214.66666666666666,635,6551,4455,4834.6
5308,6941.833333333333,352.8333333333333,291.8333333333333,340,7170,5138.4,5318.4
5310,6226.833333333333,409.1666666666667,712.3333333333334,629,7647,4906.6,5043.2
5313,8920,365.5,326.5,817,6683,5192.2,5214.2
5315,8787,176.33333333333334,660.3333333333334,1149,7165,4591,4816.4
5318,6349,288.8333333333333,415,345,7196,5208.4,5258.2
5321,11803.666666666666,244.16666666666666,193,235,6647,4930.8,5099.6
5347,7763.166666666667,429.3333333333333,317,1066,6884,4499.2,4861.8
5353,9837.333333333334,164.83333333333334,754.5,1018,6895,5281.2,5283.8
5360,7479.5,313.3333333333333,337.8333333333333,181,6923,5002.4,5304
5361,9179.333333333334,534.8333333333334,397.8333333333333,1262,6802,4153.2,4509.4
5364,8662.833333333334,351.5,278.1666666666667,655,6570,5168.8,5343.6
5368,8409,256.1666666666667,287,748,6956,5073.8,5263.2
5376,8948.333333333334,191.16666666666666,205.33333333333334,254,6843,5266.4,5298
5380,10116.166666666666,407.3333333333333,13.666666666666666,237,6936,5244.8,5489
5390,10553,655.6666666666666,294.1666666666667,1027,5795,4397.8,4714
5400,9210.5,276.6666666666667,207.83333333333334,489,6488,4895.4,5042.4
5411,10057.5,172,355.5,876,7371,4393.8,4699.6
5425,12654,421,626.6666666666666,941,7358,4666.4,4899.4
5440,9143.166666666666,345.8333333333333,241.66666666666666,271,6598,5163.2,5289
5467,8067.333333333333,219,72.66666666666667,879,7084,4648.2,4897.8
5475,10643,277.8333333333333,316.5,2269,7167,4192.4,4489
5480,9762,558.1666666666666,234.16666666666666,1636,7062,4342.2,4572.2
5483,5441.833333333333,510.6666666666667,348.3333333333333,1317,6795,4211.4,4555.8
5490,9028.333333333334,457.1666666666667,407,1281,7280,4254,4483.8
5495,9634.833333333334,487,221.16666666666666,1149,6940,4271.2,4604.6
5501,7213.166666666667,316.1666666666667,658.3333333333334,1145,6800,4395.6,4751.2
5541,8613.166666666666,219.33333333333334,57,372,6431,4963.6,5009
5543,6659.333333333333,349.5,440.5,1694,6890,4178.4,4582.6
5576,9083.333333333334,464.6666666666667,867,1157,6534,4739,4988.4
5579,7546.5,379.3333333333333,273.3333333333333,828,6786,4349.2,4685.8
5585,6867.666666666667,381,635.3333333333334,952,6821,4461.4,4739.2
5591,8234.666666666666,632.5,1069.6666666666667,780,6355,4997.6,5094.2
5604,9682.333333333334,574.1666666666666,306.8333333333333,1013,6458,4384.6,4681.2
5607,10753,300.1666666666667,254.66666666666666,314,6953,4958.6,5127.4
5615,8652.666666666666,352.8333333333333,499.1666666666667,204,6891,5115.4,5263.8
5628,8405.666666666666,554.5,524.3333333333334,957,6549,4412,4596.2
5631,12237.166666666666,209.16666666666666,328.1666666666667,106,7817,5493.6,5653.4
5642,7578.5,661.8333333333334,493.5,1459,6562,4709.4,4975.4
5647,9782.333333333334,274.6666666666667,286.1666666666667,672,5459,4406.2,4673.8
5649,9237.333333333334,462.6666666666667,677.5,858,6781,4608,4959.6
5652,9760.833333333334,395,368.6666666666667,1694,7146,4968.6,5040
5656,8580.5,279.6666666666667,214.83333333333334,707,6636,4510.6,4815.2
5658,7424.833333333333,280.8333333333333,147.16666666666666,425,7372,4692.6,4924
5659,8906.166666666666,396.8333333333333,759.6666666666666,1240,7104,4262.4,4571
5660,11126,443.5,368.8333333333333,788,7019,4607.4,4888.8
5664,8610.666666666666,273.5,210.33333333333334,294,6898,4814.2,5022.8
5665,10774.5,364.3333333333333,174.33333333333334,1266,7472,4450,4653
5667,11930,347.6666666666667,291.3333333333333,864,6885,4656.2,4876.2
5670,9648.333333333334,397.8333333333333,380.6666666666667,873,6890,4477.6,4777.6
5674,9109.333333333334,234,340.5,633,6861,5011.2,5074.2
5679,8121,255.33333333333334,368.5,776,7132,4857.8,5074.6
5686,9909.833333333334,323.1666666666667,392.3333333333333,412,6461,4898.2,5106.2
5690,10601.5,309.3333333333333,232.83333333333334,794,7058,4541,4837.6
5697,11277.5,336.5,249.16666666666666,446,6357,4966.2,5195
5736,8199.833333333334,667.6666666666666,280.6666666666667,868,5570,4292.2,4687.2
5756,8854.666666666666,411.3333333333333,326.3333333333333,775,6833,4723.8,4943.4
5761,8459.5,309.8333333333333,447.5,618,6645,4532,4754.6
5789,9464.833333333334,255.5,394,859,7205,4554.8,4830.8
5790,7210.333333333333,682.8333333333334,440.8333333333333,1531,6776,4305.2,4630.6
5792,5993.666666666667,291.3333333333333,244.16666666666666,1341,6419,4556.8,4753.8
5809,5873.166666666667,570,631.5,1028,6260,4736.4,5039.6
5819,8435.5,234.33333333333334,209.33333333333334,1068,7424,4140.4,4495
5837,9129.5,398,249.83333333333334,878,6864,4302.4,4618.6
5842,7576.5,341,262.3333333333333,1454,7350,4459.2,4746
5847,6263.833333333333,348.6666666666667,516.6666666666666,1387,6650,4659.8,4917.8
5854,6278.333333333333,468.1666666666667,771.8333333333334,1535,6594,4510.6,4773.8
5856,6762.333333333333,275,114.5,963,6938,4757.4,4938.2
5858,11937,750.1666666666666,191.33333333333334,1112,6410,4377.4,4690.8
5861,8547.166666666666,599.8333333333334,838.8333333333334,1059,6896,4610.6,4952.4
5873,16536.333333333332,239.83333333333334,175.5,1457,7336,3951.6,4084
5885,6054,475.1666666666667,96.83333333333333,1384,6775,4472.8,4771.2
5887,7844.333333333333,335.3333333333333,279.8333333333333,732,7138,4851.6,5066.6
5890,7536.333333333333,203,151.33333333333334,875,7403,4340,4679.8
5893,8946.333333333334,631.1666666666666,661.3333333333334,971,6836,4695.8,4885.2
5895,10407.666666666666,310,616.1666666666666,1368,7089,4120.8,4440.8
8000,8923.833333333334,181.66666666666666,111.66666666666667,365,6846,4916,5075.4
8001,9697.5,150,99,NA,NA,5064.6,5215
8078,9619.166666666666,161.33333333333334,195,475,7064,4721.4,4927.4
8137,9688.166666666666,241.16666666666666,313.6666666666667,1263,6491,4224.8,4430.8
8141,9366.333333333334,246.33333333333334,205.66666666666666,1790,6090,4077,4358.4
8296,9137.166666666666,336.3333333333333,122.33333333333333,377,6318,4851,4989.8
8372,9218.5,262,167.33333333333334,834,6455,4510.4,4715.4
8421,8965.166666666666,198.83333333333334,157.83333333333334,1226,6481,4252.2,4462
8433,8298.833333333334,224.83333333333334,102,454,6633,4670.4,4871
8436,11323.833333333334,278.3333333333333,54.833333333333336,1163,6172,3974.2,4215.8
8520,9928.166666666666,186.33333333333334,286.1666666666667,646,6437,4941.2,5014.6
8549,7808.5,337.8333333333333,12.333333333333334,1252,6629,4051,4446.8
8558,9223.333333333334,278.3333333333333,327.8333333333333,648,6971,4483.8,4747.2
8560,8234.833333333334,246.33333333333334,124.5,1373,6950,4333.4,4496.6
8573,23494.166666666668,201.83333333333334,95.33333333333333,226,7820,4913.4,5032.4
8606,8134.666666666667,296.1666666666667,282,1224,6643,4083.6,4339.4
8634,9544.833333333334,112,47.833333333333336,645,6644,4838.6,4950.2
8638,8319,226,119.5,868,7034,4421,4686.6
8675,7737.5,101.66666666666667,114.66666666666667,1120,6443,3980.6,4302.4
8685,8208.666666666666,125.16666666666667,106.33333333333333,582,6790,4933.2,5015.4
8758,7144.833333333333,197.5,98.33333333333333,239,6819,4881.2,5053.8
8770,11040,73.33333333333333,348.3333333333333,969,7321,4427,4594.2
8832,8540.333333333334,215.16666666666666,151.5,979,7098,4365.2,4536.6
8849,7523.666666666667,171.83333333333334,218.33333333333334,803,6546,4564.8,4697.8
11001,8274.166666666666,218,256.5,NA,NA,5422.4,5488.2
13000,9136.166666666666,298.8333333333333,346.6666666666667,777,6804,4647.6,4848
13001,9902.5,291.5,534,NA,NA,4835,5035.4
13006,9996.5,252.16666666666666,88.66666666666667,1490,7251,4089.8,4322.6
13030,7256.166666666667,232,227.5,1625,6612,4295.8,4439.2
13042,4481.166666666667,299,254.16666666666666,1182,7260,4182.8,4501.8
13052,8382.833333333334,392,130.66666666666666,1064,6975,4425.8,4651.2
13062,6425,313.3333333333333,252.66666666666666,1591,6499,4132.8,4452
13074,8715.833333333334,446.8333333333333,209,1714,6947,4141.2,4432.2
13140,9166.5,179.33333333333334,274.6666666666667,1430,7054,4134.6,4317
13160,9096.666666666666,386.8333333333333,400.5,1231,7319,4432.8,4561.4
13188,11304.833333333334,254.66666666666666,94.83333333333333,1601,7278,4510,4699
13212,10947.666666666666,228.5,271,2336,7454,4449.4,4573.8
13222,8653.833333333334,149,250.16666666666666,1311,6408,4083.2,4339.8
13244,8222.333333333334,238.66666666666666,209.66666666666666,1519,7263,4316.8,4570.2
13248,8780.5,131.16666666666666,479,1978,7373,4432,4636
13268,8136.833333333333,367.5,382,1526,7421,4101.6,4442.6
13300,9161.666666666666,274.1666666666667,340,1828,6946,4171.6,4392.6
13430,9847,346.8333333333333,427.6666666666667,1014,6984,4760.4,4928
13433,9529,201,211.83333333333334,1512,7121,4020.6,4321.2
13440,8714.833333333334,366.1666666666667,443,1525,7480,4218.8,4515.4
13442,8991.666666666666,300.1666666666667,281.1666666666667,1716,4607,4093.6,4306.4
13458,5501.5,310.3333333333333,31.833333333333332,1251,7004,4279.2,4662.2
13468,9915.333333333334,429.8333333333333,217.33333333333334,1220,7328,4509.6,4705.8
13473,7428.833333333333,370,92.33333333333333,907,7259,4292,4509.2
13490,10533.5,464,22.833333333333332,1167,7168,4075.6,4703
13549,8574.5,337.8333333333333,371.5,1418,7178,4188.4,4431
13580,4429.5,322.8333333333333,225.5,1236,6672,3750.8,4043.2
13600,4278.333333333333,202.5,20.333333333333332,1369,7046,4169,4343
13620,10093.333333333334,247.66666666666666,160.5,1003,6986,4393.8,4525
13647,8649.5,262.6666666666667,388.3333333333333,1433,7139,4180.6,4357
13650,6764.666666666667,232.33333333333334,378.5,1741,7076,4096.6,4364.2
13654,10496,335.6666666666667,115.83333333333333,1512,7320,4676,4737.8
13655,6606.833333333333,134.66666666666666,114.5,1339,7249,4356.8,4555.2
13657,9620.666666666666,250.16666666666666,75.5,1531,7231,4474.6,4670.6
13667,8697.5,346.5,115.5,1286,6999,4273.6,4528.6
13670,7960,351.5,361,1102,6795,4550.6,4733.4
13673,9449.666666666666,206.5,62.333333333333336,1146,7094,4360.6,4552.8
13683,6533.666666666667,209.16666666666666,87.5,1038,5763,4190.4,4350.2
13688,7226.166666666667,512,167.5,559,6312,5097,5043.2
13744,7071.5,330.6666666666667,111.16666666666667,1094,7299,4835.2,4767.6
13760,9056.666666666666,186,10.833333333333334,523,7313,4339.2,4387.8
13780,9674.666666666666,173.5,66,1175,7318,4275.4,4459.4
13810,8325.5,176.16666666666666,177.33333333333334,1360,6892,4062.8,4314.2
13836,10246.166666666666,335.1666666666667,210.5,478,7449,4957.6,5079.2
13838,8081.166666666667,201.33333333333334,292.5,895,6932,4460.8,4585
13873,9316.333333333334,115.16666666666667,126.83333333333333,1365,7215,4347.4,4507
13894,8984,349.1666666666667,64,1791,6804,4194.6,4367.2
15000,8577,214,211.83333333333334,584,7679,5342.2,5283.4
15001,8804.666666666666,188,529.6666666666666,NA,NA,5600,5569
15022,7573.166666666667,123.33333333333333,45.5,850,7647,4884.2,4808.8
15047,8819,305.6666666666667,328.1666666666667,852,7088,5089.4,5164.6
15051,9558.333333333334,161,16.333333333333332,528,7337,5573.2,5310.6
15087,10558.5,124.66666666666667,50,514,7664,5326.8,5128.6
15090,6011,152.83333333333334,139.33333333333334,1053,8014,5362.4,5289.8
15092,5969,56.166666666666664,226.16666666666666,813,7789,5093.4,4900.4
15097,7745.666666666667,243.16666666666666,47.666666666666664,1078,7608,5572.6,5198.8
15104,8156,123.83333333333333,47.166666666666664,1097,7526,5180.8,5160.8
15106,8093.5,479,74,953,6852,5147,4968.4
15109,7508.166666666667,177.33333333333334,267.1666666666667,1307,8157,5087,4966.2
15114,3971.8333333333335,215.33333333333334,154.83333333333334,631,7956,4944.6,5035.8
15131,8189.5,199.33333333333334,174.16666666666666,778,7159,5267,5074.4
15135,5608.666666666667,297.1666666666667,50.833333333333336,746,7487,5336.6,5149.2
15162,8389.666666666666,88.83333333333333,23.166666666666668,484,8081,5454.6,5340
15172,8039.166666666667,418.3333333333333,401,1066,7086,4946.8,4918.4
15176,8459.333333333334,249.16666666666666,138,425,7508,5177.8,5218.4
15180,7266,114.33333333333333,59.166666666666664,880,7138,4797.8,4729.8
15183,8247.333333333334,226.5,108.5,1377,7388,4660,4692.2
15185,8664.333333333334,179.66666666666666,11.5,1133,7175,5002,4860.4
15187,3638.8333333333335,209.66666666666666,287,860,7563,5317,5039.4
15189,9408.666666666666,163.16666666666666,140.5,852,6957,5086.6,4989.2
15204,8129.166666666667,303.8333333333333,381.8333333333333,419,7722,5277,5143.4
15212,7735.333333333333,276,113.83333333333333,1396,7061,4947.6,4905.6
15215,9779.833333333334,227.16666666666666,49.166666666666664,495,7590,5500,5348.2
15218,8106.833333333333,237.83333333333334,260.1666666666667,1275,7907,4965.4,4970.8
15223,6263.333333333333,68.33333333333333,449.5,3891,7344,4911.6,4844.4
15224,7357.166666666667,156.5,117.5,493,7180,5156.6,5106.6
15226,8064,173,0,833,7857,5407.2,5336.8
15232,6850.166666666667,58.333333333333336,11.166666666666666,972,6613,4735.4,4669.8
15236,8619.333333333334,379.6666666666667,338.1666666666667,810,7064,4734.2,4783.2
15238,9795.833333333334,158.33333333333334,506.8333333333333,227,7906,5747.8,5612.8
15244,7973.833333333333,193.83333333333334,126.33333333333333,722,7284,5350.6,5156
15248,8766.833333333334,220.5,134.66666666666666,611,7335,5125.2,4974.8
15272,7240.166666666667,96.16666666666667,53.333333333333336,542,8086,5405.4,5329
15276,6745.166666666667,115.33333333333333,11.5,896,7592,5501.8,5317.2
15293,10731.833333333334,136.33333333333334,5.333333333333333,902,7977,5051.6,4866.4
15296,8232.833333333334,167.5,275.3333333333333,719,7494,5184.8,5076.2
15299,7493,239.16666666666666,78.5,478,7421,5468,5403
15317,8108,54.5,58.666666666666664,742,6532,4939,5014.8
15322,10205,224,42.333333333333336,511,7554,5181.2,5136.8
15325,7481.333333333333,153,40.333333333333336,1039,7722,5155.4,5101.8
15332,4074.3333333333335,104.16666666666667,0,1894,7995,5027.4,4970.6
15362,7778.5,329.1666666666667,458.5,444,8251,5760.4,5536.8
15367,7482.333333333333,83.83333333333333,30,1031,7705,5175.8,5064
15368,8600.833333333334,260.8333333333333,2.1666666666666665,1440,6805,4545,4617.6
15377,6116.5,369.5,144.5,1577,7651,5077.6,4930
15380,9143.5,79.83333333333333,170.33333333333334,895,7500,5234.6,5203.8
15401,6320,195,111.66666666666667,1397,7963,4847.4,4926.4
15403,9487.833333333334,228,198.66666666666666,700,7411,5336.6,5223.8
15407,9001.833333333334,156.66666666666666,92.66666666666667,352,6844,5432.2,5276.2
15425,7001,277,131.83333333333334,928,7548,5040.6,5056.4
15442,6526.333333333333,259.8333333333333,137.16666666666666,1506,7585,4875.2,4873.4
15455,7959.666666666667,215.66666666666666,71.16666666666667,730,7479,5474.6,5388.6
15464,8219.666666666666,212.33333333333334,68.66666666666667,754,7110,4916,4815.6
15466,8299.833333333334,173.33333333333334,63.5,737,7055,5367.2,5145
15469,9201.5,274,81.16666666666667,862,7236,5181,5131
15476,5630.166666666667,187.5,75.5,573,7148,5091.8,4971.2
15480,8626.833333333334,406.1666666666667,58,981,7094,4799.8,4854
15491,7574.333333333333,237.33333333333334,109.83333333333333,239,7679,5467.6,5384
15494,7079,155.66666666666666,94,698,7751,5154.6,5023.8
15500,6125.166666666667,217.33333333333334,48,596,7660,5418.6,5237.6
15507,5938.166666666667,369.1666666666667,96.66666666666667,1080,7136,4615.2,4777.4
15511,7656.166666666667,188.16666666666666,541.5,930,8467,5301,5256.4
15514,7690.166666666667,176.16666666666666,24.166666666666668,823,7277,5119.6,5223.6
15516,9978.5,230,144.66666666666666,327,7851,5824.2,5572
15518,12278.5,287,383,895,6657,4919,4994.4
15522,12828.5,209.16666666666666,56.666666666666664,1079,7586,5032.6,5024.4
15531,6637,290.8333333333333,10.5,1828,7716,4974,4912.6
15533,9838.833333333334,205.83333333333334,236,1350,7410,4692,4494
15537,7638.5,105.16666666666667,2.5,572,8012,5398,5100
15542,7710.166666666667,150.83333333333334,32,817,7473,5109.4,4901.6
15550,11152.666666666666,371.8333333333333,127,952,7251,5110.2,4826.2
15572,8784.5,437.1666666666667,112.66666666666667,815,7053,4674.8,4931
15580,6814.5,366.8333333333333,324,1404,6597,4851.8,4815.2
15599,9013.833333333334,202.66666666666666,49.5,815,7764,5245.2,5159.6
15600,3722.1666666666665,134.33333333333334,171,984,6951,5139.2,5070.2
15621,7620.333333333333,236,441.3333333333333,981,7696,5096.2,5045
15632,8719,178.83333333333334,124,858,7683,4818,4733.6
15638,8316.666666666666,123.66666666666667,55.333333333333336,551,6960,5161.6,4979.8
15646,8783,174.66666666666666,74.33333333333333,555,7283,5299.8,5199.8
15660,6721,155.66666666666666,97.83333333333333,886,8274,5193.6,5108.8
15664,7053.666666666667,415,21.333333333333332,1327,7127,4891.8,4987.4
15667,9239,223.83333333333334,258.5,926,7040,5105.6,5047.4
15673,8241.166666666666,240.66666666666666,72.16666666666667,941,7640,5152.4,4896
15676,7134,213.83333333333334,111.83333333333333,519,7500,4919.8,4868
15681,6323.166666666667,284.5,69,1171,8037,4681.2,4813
15686,8734.333333333334,186.66666666666666,493.1666666666667,1162,6858,5040.8,4981
15690,7813.333333333333,132.83333333333334,187.16666666666666,900,7686,5157,5158
15693,8154.333333333333,194.33333333333334,76,402,7532,5685.8,5486.2
15696,8985,289.6666666666667,165.83333333333334,903,6760,4958,4795.2
15720,7424.833333333333,97.5,114,974,8028,5127.6,5052.8
15723,10001,103,113.66666666666667,462,8265,5140.8,4930
15740,8328,192,155,866,6925,5027.2,4890.6
15753,11143.166666666666,92.5,25.666666666666668,606,7736,5402.8,5351.6
15755,9113.833333333334,201.66666666666666,92.83333333333333,1110,7479,5119.4,5096.4
15757,10481.5,116.83333333333333,42,535,7367,5094.4,5114.4
15759,11236,179.5,284.8333333333333,256,7779,5540,5519.4
15761,7760.166666666667,187.5,54.166666666666664,1014,8462,4953.6,5032.8
15762,8088.833333333333,86.33333333333333,36,762,6954,5133.8,5084.2
15763,7279.5,238.33333333333334,27.5,492,7138,5185,5081
15764,12333.5,285.1666666666667,91.5,884,7831,5406.6,5175.2
15774,6093,87.33333333333333,17,869,7143,5260.8,4890.4
15776,7930.5,199.66666666666666,128.83333333333334,664,7050,5191.6,4913.2
15778,6888.5,190.5,13.666666666666666,1136,7778,5009.6,4983.4
15790,8098.666666666667,234,20.166666666666668,580,7323,5288.2,5077.2
15798,8142.166666666667,173.16666666666666,40.166666666666664,788,7717,5341.2,5245.4
15804,8055.666666666667,162.16666666666666,69,1054,7302,5400.4,5137.8
15806,6601.166666666667,267.6666666666667,120.83333333333333,411,8065,5607.4,5356.2
15808,7491.166666666667,177.33333333333334,0,664,8312,5399,5178.8
15810,9428.666666666666,112.5,72.16666666666667,1098,7543,5024.6,5035.6
15814,8347.333333333334,233.83333333333334,213,470,6874,4909.8,4947.8
15816,8030.166666666667,350,235.16666666666666,1029,7542,5260.6,5105.2
15820,8551,178.16666666666666,104.33333333333333,546,7447,5290.6,5141.2
15822,9460,246,24,1122,7766,4818.4,4679
15832,7675.666666666667,196,39.333333333333336,943,8072,4437.8,4657.6
15835,11259.833333333334,113.66666666666667,20.666666666666668,816,7970,5374.4,5212.4
15837,9439.333333333334,181.33333333333334,70,500,7758,5393.2,5218.8
15839,12015.833333333334,192.66666666666666,46.5,705,8491,5140.8,4863.4
15842,5443.666666666667,141,11.666666666666666,874,7714,5002.4,4953.2
15861,8217.833333333334,242,35.333333333333336,593,7013,5162.4,5072
15879,6712.166666666667,248,154.66666666666666,809,6846,5169,5000.8
15897,9747.833333333334,238.33333333333334,79.66666666666667,1389,7468,5115.4,5029.8
17000,7885.166666666667,339,354.3333333333333,507,7093,4983.8,5152
17001,8164,272.6666666666667,567.8333333333334,NA,NA,5291.4,5391.4
17013,8283.833333333334,338.1666666666667,274.5,827,6528,4812.2,4999.4
17042,8246.5,448.5,416.1666666666667,667,6916,4799.2,4995.2
17050,8324.333333333334,414,172,756,6764,4690.2,4977.8
17088,8448.166666666666,485,454,1052,6738,4579.6,4820.8
17174,8314.833333333334,401.1666666666667,261.8333333333333,545,6723,4829.6,5031.2
17272,7616.333333333333,431.6666666666667,512.5,885,7057,4624.4,4876.2
17380,8038,518.8333333333334,370.5,641,6971,4750.2,4969
17388,10326.5,390.6666666666667,130.16666666666666,1049,6837,4567,4889
17433,6466.5,352.1666666666667,138.33333333333334,825,6809,4797.8,4958
17442,8334.166666666666,331.6666666666667,212,658,6375,4477.6,4771.4
17444,7534.833333333333,328.6666666666667,82.5,962,7044,4831,5068
17446,5159.333333333333,399.1666666666667,412,736,7059,4311,4663.2
17486,5752.833333333333,360.3333333333333,226.33333333333334,812,7042,5113.4,5207
17495,8791.5,324.8333333333333,477.3333333333333,958,7304,4555.4,4803.6
17513,6932.5,326.3333333333333,154.33333333333334,1027,5993,4704.2,4968.2
17524,7722.333333333333,432,411.1666666666667,886,6927,4709.8,4957.2
17541,6555.5,360.6666666666667,202.33333333333334,870,7207,4828.2,5122.6
17614,7554.333333333333,181.83333333333334,297.6666666666667,487,7250,4725.8,4945.2
17616,9563.333333333334,479.3333333333333,257,993,6542,4817.4,4920.2
17653,7035.833333333333,245.66666666666666,138.16666666666666,853,7005,4791,5016.6
17662,7130.833333333333,409.6666666666667,176.16666666666666,1031,7065,4704.8,4947.6
17665,6179.5,318.1666666666667,106.66666666666667,1048,7421,4881.2,5001
17777,8453.166666666666,272.8333333333333,111.66666666666667,562,6680,4454.2,4743.8
17867,10146,500,126,1087,7104,4540.6,4805.4
17873,8288.5,269,137.83333333333334,343,7269,5119.8,5313.4
17877,8722.166666666666,448.5,83.33333333333333,694,6687,4798,4922.6
18000,7762.833333333333,558.8333333333334,268,689,6875,4720.4,4873.2
18001,9250,529,322,NA,NA,4904,5059.2
18029,6125,475.3333333333333,367.5,677,6879,4661.6,4753.6
18094,7066.833333333333,480.1666666666667,436.3333333333333,1206,6598,4381,4504.2
18150,8064.833333333333,669.8333333333334,252.33333333333334,835,6564,4625,4708.8
18205,7075.666666666667,555.6666666666666,36.833333333333336,1025,6991,4560.2,4675
18247,8353.333333333334,586.1666666666666,223,816,6973,4784.6,4903.8
18256,5613.833333333333,462.8333333333333,456.8333333333333,980,6560,4766,4878.6
18410,6190,459.6666666666667,274.8333333333333,887,7344,4425.2,4580.8
18460,6706.833333333333,506.3333333333333,500.1666666666667,957,7474,4238.6,4394
18479,7991.333333333333,402.1666666666667,69.66666666666667,783,7277,4424.8,4584
18592,7488,551.3333333333334,99.16666666666667,938,6442,4603,4778.8
18610,8574.833333333334,578.1666666666666,269.3333333333333,775,6691,4500,4611.4
18753,7512.333333333333,653.1666666666666,161.66666666666666,801,6598,4522.4,4706.6
18756,4423.5,553.8333333333334,175.33333333333334,881,6868,4202.6,4405
18785,7116.5,487.3333333333333,285.5,951,6760,4347,4519.6
18860,5346.833333333333,505.5,366.3333333333333,829,6727,4708,4806.4
19000,8367.333333333334,294.5,133.16666666666666,753,7210,4646.2,4822
19001,10536.5,229.83333333333334,377,NA,NA,5118.4,5202.8
19022,6148.5,285,167.33333333333334,1518,7111,4522,4567.8
19050,8988,564.8333333333334,54.833333333333336,981,6482,4653.4,4817.4
19075,6369.5,346.3333333333333,132.83333333333334,1016,6341,4731.6,4857.6
19100,7103.333333333333,229.33333333333334,94.66666666666667,1090,7212,4654.4,4780.8
19110,7093.333333333333,234.66666666666666,49,888,6833,4085.6,4363.4
19130,7502,323.8333333333333,154.33333333333334,1144,6588,4676.8,4770.4
19137,9652.5,287.3333333333333,14,1170,6731,4249.4,4461.2
19142,14709.333333333334,206.16666666666666,57.833333333333336,797,7598,4334.2,4593.2
19212,7839.833333333333,387.3333333333333,82.16666666666667,868,6641,4487.4,4684.4
19256,8702.666666666666,303.3333333333333,103.66666666666667,1035,6711,4633,4798.4
19290,8749.5,188.66666666666666,91.66666666666667,911,7095,4868.2,4890.2
19300,7138,135.16666666666666,114.33333333333333,445,7281,4125.6,4302.6
19318,8335,248.83333333333334,0.8333333333333334,1620,7411,3961,4275
19355,7710,311.6666666666667,125.83333333333333,1069,7224,4629.4,4776.4
19364,7458.666666666667,280.1666666666667,105.5,1266,6926,3927.4,4172.6
19392,8851.833333333334,346,115.83333333333333,961,6895,4552.4,4753.8
19397,3414.6666666666665,402.1666666666667,249.83333333333334,1016,6641,4456.2,4642
19418,9259,286.6666666666667,31.166666666666668,1488,7147,3587.2,3919.6
19450,7077,209.66666666666666,48.166666666666664,1147,6601,4807,4869.8
19455,6500.333333333333,269.3333333333333,109.83333333333333,613,7053,4893.2,4999.8
19473,10033.833333333334,475,58.333333333333336,1074,7054,4543.2,4729.2
19513,9702.5,313.5,4.666666666666667,446,6459,4167,4476.4
19517,8435.833333333334,378,75.66666666666667,1108,7196,4232.6,4462
19532,7610.833333333333,408.8333333333333,128.5,1052,6811,4558.8,4702
19533,9641.5,481.8333333333333,402.8333333333333,609,6667,4493,4742.6
19548,7929,288.3333333333333,98,770,6738,4660.6,4851.8
19573,9399.5,259.8333333333333,30.333333333333332,340,6969,4388.2,4645.6
19585,6998.666666666667,205.5,140.16666666666666,667,6726,4450,4673.6
19622,6767.166666666667,304.8333333333333,70.66666666666667,974,8275,4640.2,4828.4
19693,5582.5,191.5,73.66666666666667,856,7413,4478.8,4503.8
19698,9476.666666666666,262.5,85.66666666666667,429,6899,4747.2,4928.2
19701,4777,311.5,112.33333333333333,631,6959,4681.2,4742.8
19743,7949.166666666667,333,49.666666666666664,1002,7129,4328.4,4557
19760,4880,255.5,87.16666666666667,543,7083,4707.8,4785.6
19780,8350.666666666666,280.1666666666667,69.33333333333333,801,5552,4093.8,4406.4
19785,6021.666666666667,241.16666666666666,40,1470,6507,4539.8,4801.8
19807,8446,315.8333333333333,131.16666666666666,670,6940,4843.4,4981
19809,9789.666666666666,292.5,52.166666666666664,1672,7848,3742.6,4001.8
19821,8296.5,347.1666666666667,45.333333333333336,1203,7259,4121.8,4397.6
19824,7391.166666666667,267.8333333333333,142.33333333333334,747,6787,4260.8,4507.4
19845,7877.333333333333,360,83.33333333333333,295,7313,4258.8,4512.2
20000,9661.333333333334,441.1666666666667,126.5,869,7008,4806,4946.6
20001,8862.166666666666,390.3333333333333,125.66666666666667,NA,NA,4950.6,5129.8
20011,9288.166666666666,423.3333333333333,169.16666666666666,925,7023,4787.6,4923.8
20013,11289.166666666666,546.1666666666666,153,1159,6582,4697.2,4799.2
20032,8826.666666666666,399.6666666666667,137.5,1206,7049,4535.8,4679.4
20045,13919.666666666666,479.8333333333333,59.166666666666664,952,6954,4644.4,4678.4
20060,8936.5,607,168.33333333333334,1035,7053,4518.4,4680.4
20175,10254.833333333334,342.8333333333333,16.5,1437,7364,4384.6,4555
20178,12285.5,485.6666666666667,163.83333333333334,1036,7157,4543.4,4630.2
20228,12431.333333333334,211.66666666666666,72.66666666666667,1099,6465,4617,4819.6
20238,10421.5,585.1666666666666,41.166666666666664,1172,6865,4845.2,4904
20250,13696.166666666666,475.6666666666667,33.833333333333336,852,7559,4466.4,4642.8
20295,6369,296.8333333333333,5.166666666666667,1224,6762,4558.4,4683.8
20310,6233.166666666667,409.8333333333333,416,1891,7684,5130.2,5200
20383,9842,448.3333333333333,115,1396,7227,4671.2,4810.6
20400,15084.666666666666,407,172.16666666666666,870,6790,4562.6,4723.8
20443,6825,493.3333333333333,293.1666666666667,1050,7210,4895.8,4930.2
20517,9549.666666666666,395.5,112,1310,6929,4669.2,4792.4
20550,9477.5,482.5,63.5,1533,6984,4508.6,4700.4
20570,8101.833333333333,582.3333333333334,59.166666666666664,2133,6909,4691.4,4773.8
20614,10707.333333333334,509.8333333333333,192.16666666666666,1646,7404,5007,5052.6
20621,10680.166666666666,644.1666666666666,83.66666666666667,981,7176,4794,4977.6
20710,8499.666666666666,502.3333333333333,407.5,808,6702,5220.2,5192.6
20750,11168,552.1666666666666,67.5,1088,7415,4585.8,4888.8
20770,10328.833333333334,534.5,254,1168,6394,4864.8,5030
20787,10622.5,227.5,55.333333333333336,1296,7319,4291,4543.8
23000,9062.166666666666,255,333,1155,7252,4770.2,4921.2
23001,9821.5,301.8333333333333,406.5,NA,NA,5118.8,5239.2
23068,8504,224.5,374,1587,7009,4335,4604
23079,8810.666666666666,289,234.83333333333334,1528,7084,4470.4,4707.8
23090,8785.833333333334,239.66666666666666,474.5,1628,7670,4475.4,4692.6
23162,9831.333333333334,227.5,292.6666666666667,853,7317,4848.4,5034.2
23168,7965.333333333333,85.33333333333333,447,1943,7380,4460,4761.2
23182,9463.833333333334,184.66666666666666,353.5,1348,7202,5022.6,4989
23189,8373.166666666666,164.83333333333334,307.5,1682,6909,4793.6,4857
23300,9879.166666666666,353.6666666666667,433,1230,6926,4507.8,4796
23350,7581.666666666667,346.5,12.666666666666666,1539,6764,4598.4,4779.8
23417,9116.666666666666,304.1666666666667,425,1153,7372,4545,4729
23419,6622.166666666667,271.1666666666667,71.5,1482,6697,4499.4,4627.2
23464,9478.666666666666,80.66666666666667,228.16666666666666,1324,7131,4579.2,4657.8
23466,9474.166666666666,231,196.33333333333334,936,7271,4928.6,5100.6
23500,8716,192.5,129.5,1411,7136,4488.2,4672.8
23555,9682.166666666666,268.5,302.6666666666667,1162,7350,4600.8,4769.8
23570,7135,223.33333333333334,408.1666666666667,1548,7153,4693.4,4808.8
23574,7320.5,200.83333333333334,183.83333333333334,1403,7202,4439.6,4589.8
23580,7604.333333333333,315.5,73.83333333333333,1447,6976,4596.8,4847.6
23586,9472.5,113.33333333333333,249.33333333333334,1606,7039,4387.4,4595
23660,10203.333333333334,201.83333333333334,425,1211,7509,5026,5058.2
23670,8565.666666666666,241.83333333333334,374,2415,7464,4124.6,4395.4
23672,9196,214.66666666666666,438.6666666666667,1215,7233,4371.2,4585.8
23675,8593.333333333334,138.16666666666666,255.5,1385,7295,4681.6,4721.2
23678,8569.333333333334,263.8333333333333,418.3333333333333,1532,7313,4469.4,4654.8
23682,8825,252.16666666666666,104,1525,7182,4209.6,4514.4
23686,8370,260.3333333333333,436.6666666666667,1062,7561,4581.2,4817.6
23807,9198.666666666666,289.1666666666667,266.6666666666667,1491,6812,4560,4737
23815,7155,285.8333333333333,417.5,2776,7378,4262.6,4493.6
23855,8416.333333333334,272.5,269.1666666666667,1486,7271,4424,4612.8
25000,9180,300.5,223.33333333333334,335,7039,5126.6,5220.4
25001,8922.5,300.6666666666667,398.3333333333333,555,7431,4628.2,4852
25019,7894.5,382.3333333333333,11.5,724,6864,4796,4860.2
25035,9898.333333333334,327.1666666666667,529.5,494,7059,4859.6,5034.6
25040,10771.666666666666,260.8333333333333,215.33333333333334,813,7422,4941.6,5081.2
25053,7212,291,544.8333333333334,659,7009,5384.2,5305.8
25086,8677.333333333334,304,289.1666666666667,1045,6752,4458,4524.6
25095,7552.166666666667,210.5,421.8333333333333,992,7553,5023.4,4964.2
25099,6938.833333333333,316.1666666666667,360.6666666666667,340,7226,5243,5229.2
25120,8525.166666666666,221.33333333333334,2,634,7316,4573.8,4707.8
25123,6091.666666666667,366.8333333333333,229.83333333333334,652,7201,5060.2,5151.8
25126,9936.166666666666,261.6666666666667,340.6666666666667,131,7428,5442.8,5496.8
25148,6769.166666666667,244.83333333333334,193.66666666666666,1164,3923,4749,4877.2
25151,9407,276.1666666666667,112.16666666666667,319,6522,5197.8,5137.2
25154,7482.833333333333,73.33333333333333,178.66666666666666,533,7290,4950.2,4877.2
25168,6085.833333333333,134.5,102.5,1114,7585,4853.6,4765.2
25175,10247.166666666666,301.5,194.83333333333334,130,7681,5567.6,5612.4
25178,8418.166666666666,168.16666666666666,715.5,423,7384,5346.4,5195.4
25181,9796.833333333334,187,232.66666666666666,280,7724,5270,5279
25183,7820.333333333333,173,106,437,7272,5151.2,5046.8
25200,8074.833333333333,268.6666666666667,246.83333333333334,399,7591,5377.2,5383.6
25214,22714.833333333332,280.8333333333333,173,173,7412,5559.2,5600.8
25224,7764.5,206.66666666666666,186,623,7419,4926.2,5062.6
25245,9777.5,325.6666666666667,128.66666666666666,703,7192,4939.6,5072.4
25258,8198.833333333334,179.33333333333334,226.83333333333334,1248,6207,4658.6,4742.4
25260,10005,195.33333333333334,345.1666666666667,171,5941,5055.2,5127.6
25269,8608.666666666666,316.5,117.83333333333333,217,7016,5266.4,5349.4
25279,8790.5,253.5,350.3333333333333,452,6738,5162,5131.6
25281,7442.333333333333,250,408.1666666666667,502,7059,4699.6,4827.4
25286,10954.5,250.16666666666666,128.83333333333334,140,7140,5216.4,5370
25288,11943.333333333334,188.66666666666666,324.3333333333333,518,8889,5209.4,5176.6
25290,9448.166666666666,481.5,149.33333333333334,316,7187,5100.8,5231
25293,6406.833333333333,154,355,814,7511,4746,4833
25295,6906.666666666667,320.6666666666667,424.6666666666667,236,6721,5096.6,5136.2
25297,7809.166666666667,93.66666666666667,306.3333333333333,607,7317,5146.4,5107
25299,7898,211.5,348,524,7714,4907.2,4962.8
25307,9180.333333333334,528.5,188.66666666666666,356,6575,4825.2,5047.6
25312,7613.666666666667,247.33333333333334,362.3333333333333,389,7204,4878.8,5031.4
25317,10755.666666666666,294.5,212.66666666666666,586,7110,4957.8,4939.4
25320,6353.5,231.5,297.5,578,7329,5052.8,5112.4
25322,9189.666666666666,315.1666666666667,234.83333333333334,362,7043,5044.8,5114.6
25324,7421.5,347.3333333333333,124.33333333333333,1128,7391,4364.8,4640.6
25326,7578.833333333333,123.83333333333333,128.33333333333334,381,7282,5094.4,5072.4
25328,9078,309,355.8333333333333,692,7184,4734.4,5004.8
25335,13211.166666666666,237.66666666666666,4.833333333333333,530,6252,4742.4,4894.8
25339,7578.666666666667,266.6666666666667,4.833333333333333,491,6722,4517,4671.6
25368,7124.5,155.66666666666666,3.3333333333333335,940,8058,4587.4,4783
25372,6360.166666666667,115,149,543,7887,4798,4836
25377,13644.5,254,448,146,7596,5418.4,5523.8
25386,8875.666666666666,320.5,295.6666666666667,563,7174,5354.4,5459.4
25394,7581.5,175.66666666666666,118.83333333333333,1645,7757,4550.6,4763.6
25398,7004.166666666667,49.333333333333336,85,1468,7729,4650,4840.8
25402,10313.166666666666,269.8333333333333,44.333333333333336,527,7342,5068.2,5216.2
25407,8314.333333333334,186.83333333333334,257.5,428,7565,5240.2,5061.2
25426,9043.5,87.66666666666667,218.66666666666666,809,7601,5139.6,4992.8
25430,9593.5,294.8333333333333,429.5,179,6814,5190.8,5263
25436,6103.833333333333,107.66666666666667,359.3333333333333,968,7912,4862.6,4882.8
25438,7564.166666666667,413.6666666666667,120.33333333333333,774,7199,4823,4830.4
25473,12284.166666666666,377,111.83333333333333,124,7008,5327.8,5433.4
25483,7969.5,227.66666666666666,158,1160,7167,4397.8,4700
25486,8896.666666666666,321.1666666666667,100.83333333333333,337,7205,4996,5035
25488,5735.666666666667,291,103.66666666666667,563,7572,5162,5189.4
25489,4471,246,371.8333333333333,1284,7706,4698.4,4833.8
25491,7374.166666666667,256.3333333333333,24.833333333333332,471,7729,4928,5123
25506,13566.5,233,60.666666666666664,845,7136,4845,4863.2
25513,8424.5,275.8333333333333,53,700,7164,5049,5079
25518,9112.666666666666,304.8333333333333,90.66666666666667,1303,6824,4610.6,4797.2
25524,7143.833333333333,220.66666666666666,35.333333333333336,661,6851,4849.2,4980.8
25530,11215,413.3333333333333,34.166666666666664,645,6700,4857.4,4929
25535,8646.666666666666,247.33333333333334,104.66666666666667,602,7281,5030.4,5063
25572,8209.333333333334,410.8333333333333,121.5,803,7446,4985.6,5046.6
25580,7485.333333333333,164.33333333333334,392.3333333333333,1155,7368,4945.8,4936.2
25592,7911.333333333333,187.66666666666666,106,1107,7959,4911.6,5021.2
25594,9781.166666666666,192.5,41.833333333333336,646,7707,5038.4,5014.4
25596,6684.166666666667,247.16666666666666,181.83333333333334,1192,8025,4643,4804.2
25599,7607.5,202.5,349.1666666666667,755,7179,4484.8,4698.4
25612,8461.5,406.5,581.5,605,7097,4758,4947.8
25645,7784.666666666667,240.16666666666666,482.8333333333333,573,7805,5102.8,5147.4
25649,8359.333333333334,187.66666666666666,242.66666666666666,571,7386,4971.6,5048.2
25653,7803.166666666667,242.5,164.66666666666666,817,8122,4550.4,4634.4
25658,7798.333333333333,383,24,670,7163,4979.8,5088.6
25662,8323.333333333334,254.16666666666666,62.833333333333336,991,7176,4781.4,4886
25718,10123.333333333334,255.33333333333334,316.8333333333333,714,7697,4831.6,4998
25736,7392.666666666667,164.16666666666666,90.83333333333333,316,7302,5240.6,5234.2
25740,8344.666666666666,317,516.8333333333334,625,6572,5070,5151
25743,8439.833333333334,351.6666666666667,26.833333333333332,530,7372,4866.2,5010.2
25745,8144.5,251,689,524,7776,5063.6,5101
25754,9179,317.3333333333333,246.16666666666666,176,6867,5053.8,5224.6
25758,8906,177.66666666666666,124.5,152,7295,5300.4,5379.4
25769,12484.833333333334,263.6666666666667,63,286,7148,5283.4,5334.8
25772,6696.333333333333,250.16666666666666,104.83333333333333,337,6880,4881,5025
25777,7651.833333333333,177.16666666666666,128,701,7702,5037,5004.4
25779,3959.3333333333335,146.66666666666666,206.16666666666666,353,7603,4965.4,4963.6
25781,9143,225.83333333333334,4.5,589,7356,5248.2,5151.2
25785,7064.166666666667,160,63.5,196,7414,5164.8,5308.8
25793,8526.833333333334,185.16666666666666,127.83333333333333,505,7152,5252.2,5114.6
25797,6929.5,178.66666666666666,223.83333333333334,550,7962,5123.2,5259
25799,15808,340,134.33333333333334,206,7164,5241.6,5307.4
25805,7914.333333333333,362.5,260.5,853,7563,5099.6,5122.8
25807,6675,181.83333333333334,21.333333333333332,756,7807,4884.4,4925.6
25815,6836.166666666667,581,107.33333333333333,868,6776,4620.4,4793.6
25817,9836,189,172.83333333333334,180,7121,5151.8,5255.4
25823,7361,212.66666666666666,21.333333333333332,1469,7833,4434.8,4688.8
25839,7908.166666666667,184.83333333333334,214.16666666666666,902,7362,4672.8,4705.4
25841,9732.833333333334,170.33333333333334,362.6666666666667,689,6977,5035,5044.4
25843,10096.166666666666,234.16666666666666,620,301,7221,5204.6,5184.2
25845,6866.166666666667,193.16666666666666,145.33333333333334,457,6661,4952.4,5033.8
25851,6607.166666666667,106.33333333333333,82,1239,7092,4552.4,4719.2
25862,6618.333333333333,210.16666666666666,149.16666666666666,1305,7345,4862.2,4957
25867,8017,244.83333333333334,339.5,692,7951,5000.2,5121
25871,8550.5,306.1666666666667,215.33333333333334,935,7514,5016.8,4925.6
25873,8988.5,253.16666666666666,501,343,7783,5215.6,5110.8
25875,10026.833333333334,289.3333333333333,133.33333333333334,552,7402,4955.6,5126.8
25878,10414,336.1666666666667,171.33333333333334,904,7506,4798.8,4934.6
25885,7134.166666666667,231.83333333333334,299.3333333333333,1940,7256,4443.2,4619.4
25898,6462.166666666667,313.3333333333333,140.16666666666666,596,7183,4876,5074.4
25899,8815.166666666666,369.8333333333333,268.3333333333333,189,7246,5420.2,5397.2
27000,8051.666666666667,337.1666666666667,117.66666666666667,1481,7552,4131.2,4449.6
27001,9766.5,152.5,72.83333333333333,NA,NA,4288.4,4614.4
27006,12270,408.3333333333333,162.5,858,7134,4087.2,4430.8
27025,5302.166666666667,177,106.33333333333333,2861,7151,3415.2,3750.8
27050,5388.666666666667,472.3333333333333,160.33333333333334,1640,7528,3997,4227.6
27073,13524.666666666666,406.8333333333333,207,2587,7861,3844.6,4054.4
27075,10426.166666666666,505.3333333333333,105.66666666666667,873,7344,4198.8,4523.6
27077,8105.333333333333,383.6666666666667,203.83333333333334,2527,8357,3807.4,4101.4
27099,10961,244.33333333333334,93.16666666666667,1975,8000,3716.2,3946.8
27135,6154,235,22.333333333333332,1609,7830,4016.8,4321
27150,15009.666666666666,528.6666666666666,184.83333333333334,1688,7353,3604.8,3956.4
27160,4885.833333333333,318.6666666666667,6,1784,7670,3882.2,4141
27205,7985.833333333333,351.1666666666667,111.16666666666667,1097,8015,4323.4,4470
27245,5745.833333333333,360,236.5,1357,6810,5005,5119.6
27250,6516.333333333333,434.8333333333333,119.83333333333333,1913,6569,3550.8,3906.2
27361,11865.833333333334,399,91.5,1116,7720,4393.6,4605
27372,10083.166666666666,422.8333333333333,131.5,1308,7197,3673.6,3947.6
27413,8107.666666666667,226.33333333333334,120.66666666666667,2549,7069,3663.2,4014.4
27425,2931.8333333333335,525,97.5,2293,7487,3711.4,4086
27430,6833.166666666667,611.8333333333334,204.66666666666666,2770,7447,3803.4,4153.4
27450,5493.666666666667,294.1666666666667,71.16666666666667,2026,8393,3972,4230.8
27491,7724.333333333333,303,140.66666666666666,1827,7704,4341.2,4483.4
27495,6788.833333333333,203.83333333333334,208.66666666666666,1690,7412,3921.2,4277.2
27580,5592.166666666667,270.6666666666667,181.83333333333334,2795,7781,3788,4048.4
27600,7953.833333333333,441.6666666666667,37.666666666666664,2104,7441,3801.2,4130.6
27615,9207.5,585,211.33333333333334,1485,7141,3865.4,4170.4
27660,7663.833333333333,887,169.83333333333334,1887,6849,4723.4,4995.8
27745,6634.666666666667,452.6666666666667,305.3333333333333,1962,7432,3576,3782
27787,9497.166666666666,313.8333333333333,72.83333333333333,1566,7308,3923,4283.8
27800,7906.833333333333,564.1666666666666,8.166666666666666,1190,7544,4230,4380.6
27810,5719,387,84.5,1146,7637,4140.2,4330.2
41000,8766,442.6666666666667,321.8333333333333,561,7117,5024.8,5115.4
41001,9994.166666666666,487,283,NA,NA,5267,5329
41006,8634.5,373.8333333333333,196,567,6650,4571.2,4801.6
41013,8579,309,64,960,6878,4970,5075
41016,5700.833333333333,418.6666666666667,269.1666666666667,841,6987,4406,4624.8
41020,8723.166666666666,626.8333333333334,475.5,960,6546,4976.6,5063.4
41026,6586.833333333333,421.1666666666667,216.33333333333334,581,7056,5059.6,5220.6
41078,6229.833333333333,543.6666666666666,534,1221,6596,4791.2,4904.8
41132,8232.666666666666,566.5,311.3333333333333,763,6812,4706.8,4859.6
41206,5422.5,449.3333333333333,371.6666666666667,1058,7352,4926.8,4897.4
41244,7392.5,389,247.83333333333334,702,7271,5153.8,5155.6
41298,7362.333333333333,465.6666666666667,283.3333333333333,562,7088,4960.2,5100.4
41306,7517.333333333333,514,436.5,743,7191,5127.6,5082.8
41319,7755.166666666667,346,196.16666666666666,791,7116,4599.8,4745
41349,9101.666666666666,820.1666666666666,363,805,6466,4632.8,4766.6
41357,8407.333333333334,527.3333333333334,563.5,801,6935,4792,4921.8
41359,8351.833333333334,283.6666666666667,229,792,6732,4756.8,4915.6
41378,8447,529.3333333333334,306.3333333333333,639,7032,4875,5010.4
41396,8558.666666666666,332.1666666666667,261.8333333333333,676,7183,4830,5000.6
41483,9160.166666666666,300.5,140.16666666666666,831,6964,4556.6,4773.2
41503,6729.666666666667,226.83333333333334,253.66666666666666,752,7259,5055,4982.8
41518,8960.666666666666,401,437.3333333333333,601,7664,5295,5064.8
41524,8292.333333333334,433.5,526.5,700,6837,5108.6,5036.6
41530,8872.166666666666,365.8333333333333,155.5,685,6914,4724.2,4873.4
41548,9548.666666666666,389,153.83333333333334,671,7071,4875.6,5056
41551,9753,498.3333333333333,449,445,6856,5190.4,5244.2
41615,11295.833333333334,386.8333333333333,359.3333333333333,548,7104,5066,5061.6
41660,8574.666666666666,449,119.83333333333333,812,6846,4864.6,4954.8
41668,8670.666666666666,362.8333333333333,232,719,6800,4977.8,5062.4
41676,8095.5,431.5,383.3333333333333,769,6902,4965.8,5010.8
41770,9166,323.3333333333333,270,697,6701,4687.4,4869.8
41791,8749.166666666666,286,289.6666666666667,634,6766,4796,4888.2
41797,9646.666666666666,312.1666666666667,652.3333333333334,614,7241,5000,5022.6
41799,6785.833333333333,321.1666666666667,396.6666666666667,975,6505,4671.8,4769
41801,7713.166666666667,612,654.6666666666666,925,6890,4854.4,4871.2
41807,8713.166666666666,428.5,289.3333333333333,708,6954,4854.6,5028.8
41872,6890.833333333333,319.5,564.8333333333334,1001,6550,4783.6,4902
41885,7857.166666666667,307.5,526.6666666666666,720,7192,4989.2,4948
44000,7841.666666666667,327.5,416.3333333333333,1702,6926,4466.6,4695.8
44001,7498.666666666667,346.3333333333333,510.5,NA,NA,4580.4,4811.8
44035,8952.166666666666,541.8333333333334,250.83333333333334,1169,6965,4465.2,4748
44078,6894.333333333333,303,173.83333333333334,785,7147,4369.4,4556.6
44090,7137.333333333333,293,293.5,2663,6821,4241.4,4507.6
44098,5721.666666666667,434.1666666666667,450.8333333333333,845,7038,4183.4,4479.6
44110,6796.166666666667,464.1666666666667,602.1666666666666,825,7317,4748,4857
44279,11326.833333333334,434.8333333333333,599.6666666666666,549,6992,4649.8,4800.4
44378,6157.666666666667,300.1666666666667,262.8333333333333,748,6818,4255,4518.8
44420,8674.833333333334,159.83333333333334,675.3333333333334,1136,8175,4355.2,4688.6
44430,9488.5,231.16666666666666,174,1221,6503,4446.4,4655
44560,7641,271.3333333333333,412.8333333333333,3350,6989,4063,4306.2
44650,10966.333333333334,411.1666666666667,411.8333333333333,753,7230,4812.8,4966.6
44847,6724.833333333333,356.3333333333333,618.3333333333334,3459,6012,4021.8,4265.4
44855,5346.5,323.6666666666667,404.3333333333333,662,7353,4846.2,4971.4
44874,8937,430.1666666666667,569.3333333333334,700,7537,4892.8,5004.2
47000,9356.666666666666,317.1666666666667,236.16666666666666,911,6985,4471.6,4725.2
47001,9108.5,343.8333333333333,115.16666666666667,NA,NA,4670.8,4943.4
47030,10314.5,283.3333333333333,302.1666666666667,1429,7202,4102.8,4407.4
47053,8011.666666666667,273.8333333333333,351.6666666666667,1257,7010,4240,4535.8
47058,9458,259.6666666666667,178.83333333333334,1383,7146,4468.2,4664
47161,9390,345.8333333333333,243,2239,7128,3898.2,4184.8
47170,10753.666666666666,422,205.33333333333334,1456,7247,4271.4,4466.2
47189,9714.833333333334,307.6666666666667,213.33333333333334,730,6692,4390.6,4632.4
47205,12003,248.83333333333334,154,2174,7348,4172.8,4389.6
47245,10322,226.83333333333334,240,1218,7098,4415.2,4633.6
47258,9001,305,189.33333333333334,1865,6910,4039.2,4323.6
47268,9703.166666666666,214.33333333333334,319.5,1424,7400,4048.2,4386.8
47288,10841,358,296.1666666666667,1002,7218,4543.8,4737.2
47318,9491.166666666666,267,394.1666666666667,1461,7381,4417.6,4594
47460,10481.666666666666,375,239,1518,7196,4342.6,4583.8
47541,10234,297.8333333333333,512.3333333333334,1646,4809,3987,4324.6
47545,7922.666666666667,415.5,265.6666666666667,1285,7411,4433.6,4571.4
47551,10740.166666666666,386.8333333333333,273.3333333333333,1516,7391,4613.2,4704
47555,9067.5,403,279.3333333333333,1454,7109,4445.2,4682
47570,7124.833333333333,309.8333333333333,541.1666666666666,1480,6586,4007,4225
47605,7487.666666666667,162.5,916.1666666666666,1676,6502,4133.8,4387.4
47660,8742.333333333334,150,100.83333333333333,2079,7520,4138,4342.6
47675,11419,398.3333333333333,345,1392,6840,4367.6,4629.2
47692,10852.166666666666,229.5,207.33333333333334,1244,5580,4487.8,4697
47703,11809,246.83333333333334,432.6666666666667,1390,7804,4332,4577.6
47707,8152.833333333333,247,200.33333333333334,1223,7172,4271.4,4565
47720,6963.333333333333,282,262.8333333333333,1577,7477,4341.8,4570.4
47745,7282.166666666667,516.5,487.1666666666667,1897,5772,4388.8,4640.8
47798,10146,365,188,1582,7281,4286.4,4562.4
47960,9119.833333333334,223.83333333333334,330.3333333333333,1899,7125,4179,4446.8
47980,10525,262,333.3333333333333,1082,6714,4049,4367
50000,9229.333333333334,405.1666666666667,118.33333333333333,426,7071,5044,5151.4
50001,9357.666666666666,308.3333333333333,112.83333333333333,NA,NA,5177,5277.2
50006,10976.333333333334,471.5,110.33333333333333,323,7028,5074,5178.4
50110,12875,177.33333333333334,2.3333333333333335,525,6802,4521.4,4754.6
50124,11988.833333333334,743.5,166,741,6743,4762.8,4815.4
50150,12005.666666666666,338.1666666666667,77.33333333333333,401,7172,4842,4880.6
50223,9283.666666666666,458.8333333333333,67.16666666666667,536,7296,4788.2,4922.2
50226,10608.5,480.6666666666667,337,456,7028,5029.4,5119
50245,8923,613.3333333333334,3.3333333333333335,240,7867,4991.2,5085.2
50251,11028.666666666666,463.3333333333333,260.5,876,6786,4671.6,4781
50270,9960.666666666666,355.3333333333333,151.33333333333334,709,7324,4622.8,4754.6
50287,8791.166666666666,444,26.166666666666668,880,6724,4606.6,4794.6
50313,10579.333333333334,447.3333333333333,288,498,6801,4934.2,5043.4
50318,12833.833333333334,415.1666666666667,83.5,411,7181,5034,5170.4
50325,4556.166666666667,679.1666666666666,81,1346,6341,4331.4,4468
50330,7683,394.8333333333333,4.5,958,6899,4701.8,4908.6
50350,4504.833333333333,684.8333333333334,34.5,736,6659,4632.6,4739
50370,5326.333333333333,593.8333333333334,10.166666666666666,1099,7248,4588.2,4674.6
50400,10241.166666666666,540.5,303.1666666666667,784,6722,4799.8,4859
50450,4693.333333333333,539.1666666666666,18.333333333333332,997,6808,4666.6,4748.2
50568,14637.833333333334,386.3333333333333,56.166666666666664,694,6537,4670.4,4846.8
50573,9866.833333333334,496.8333333333333,57.166666666666664,637,6814,4964.8,4997.6
50577,7259.833333333333,174.66666666666666,37.333333333333336,791,6421,4618.6,4744.4
50590,5609.5,611.1666666666666,14.166666666666666,922,6548,4656.4,4690.2
50606,15821,350.8333333333333,112.33333333333333,302,7232,4991.6,5118.8
50680,10516.666666666666,700.3333333333334,245,501,6282,4537.4,4766.2
50683,7306.666666666667,621.3333333333334,215.33333333333334,774,6845,4616,4802
50686,7336.166666666667,124.66666666666667,86.66666666666667,259,7149,5018,5064
50689,9183.833333333334,554.3333333333334,70,510,6813,5020,5055.2
50711,7020.166666666667,653.5,9.166666666666666,1040,6730,4716.8,4829.2
52000,7363.5,166.66666666666666,273.3333333333333,838,7270,5053.8,5117.4
52001,8576.166666666666,153.16666666666666,326.3333333333333,NA,NA,5449.6,5457.2
52019,4038.8333333333335,170,196.66666666666666,940,7024,5263.8,5128
52022,12874.5,199,175.66666666666666,502,7042,5478,5265.8
52036,8731,66.33333333333333,144.83333333333334,810,7353,5435.6,5248.4
52051,9112.166666666666,212.66666666666666,384.8333333333333,1266,6580,4924.6,4983.6
52079,8391.833333333334,299.3333333333333,112.5,2274,7436,4104.8,4392.4
52083,7770.166666666667,227,559.8333333333334,743,7281,5721.2,5408.2
52110,7191.5,90.16666666666667,147.33333333333334,1050,6660,5184.2,5219.2
52203,7108.5,208.5,123.16666666666667,1401,8455,5936.8,5392
52207,8644.166666666666,108.33333333333333,174.83333333333334,1101,6908,5350,5205.4
52210,4949.5,56.666666666666664,321.8333333333333,640,7003,5305,5329.4
52215,9675.166666666666,110.66666666666667,296.8333333333333,733,7045,5033.4,4962.8
52224,6199.833333333333,76.16666666666667,354.3333333333333,608,7778,5004.2,5034.6
52227,7359.333333333333,77.33333333333333,152.83333333333334,788,7214,5061.8,5062.8
52233,5499.5,198.83333333333334,252.5,782,5036,4673.8,4842.4
52240,7779.5,306.5,537.8333333333334,923,6912,5166.8,5162.8
52250,7149.666666666667,267.1666666666667,116.16666666666667,1866,7820,3981,4250.2
52254,7742.333333333333,80.33333333333333,67,1465,7513,5108.6,5084.4
52256,5417,291.5,526.5,1165,6733,4913.8,4931.8
52258,8805.833333333334,235,224.66666666666666,876,6258,5130.4,5172.2
52260,8747.5,209,22.166666666666668,901,7212,5363.8,5310.6
52287,7619.5,101.33333333333333,171.66666666666666,1146,6975,4980,5109.6
52317,9793.5,81.16666666666667,358.1666666666667,854,8116,5411.4,5375.4
52320,7731.833333333333,155,299.6666666666667,754,7061,5444.8,5269.2
52323,10219.166666666666,91.83333333333333,525,464,7546,5678,5683.6
52352,8032,107.66666666666667,414.5,783,6708,5200.2,5175.6
52354,9335.666666666666,150.5,134,834,7482,5211.2,5054.8
52356,8046.166666666667,154.33333333333334,336.1666666666667,466,7244,5333.6,5339.8
52378,8067.666666666667,140.16666666666666,192.33333333333334,1016,6852,5579.6,5299.8
52381,7869.833333333333,74.16666666666667,226.16666666666666,1248,7527,5159,5135.2
52385,6478.833333333333,234.5,282,630,6726,4994.8,5072
52390,5061.833333333333,61.833333333333336,35.166666666666664,1674,7579,3853.4,4077.8
52399,9708.833333333334,120.83333333333333,510.1666666666667,1056,6696,5218,5177.8
52405,5268.166666666667,163.66666666666666,89.5,1458,6897,4746.4,4737
52411,8067.5,135.5,135,1079,7281,5314,5156
52418,3917.3333333333335,205,102.16666666666667,922,7359,5157.4,5208.8
52427,4451.5,183,93.16666666666667,1636,6443,3872.4,4128.4
52435,7134.666666666667,150.66666666666666,43,855,6931,4632.2,4816
52473,3941.1666666666665,86.16666666666667,430.3333333333333,1213,7015,4319.2,4474.4
52480,6198.333333333333,138.16666666666666,129,584,6945,5152.4,5174.4
52490,6646.666666666667,111.83333333333333,23.166666666666668,1605,6745,3995.2,4330.2
52506,6579.666666666667,57.166666666666664,66.83333333333333,638,7005,5455.2,5305.2
52520,4395.5,176.66666666666666,212.33333333333334,1749,7673,4038.4,4365.4
52540,7300.166666666667,111.83333333333333,295.8333333333333,913,6956,5066.6,5099.4
52560,9692.333333333334,93.5,215.16666666666666,551,7057,5198.2,5219.2
52565,3257.5,112.33333333333333,11,592,7357,5007.8,5035.8
52573,9016.833333333334,141.16666666666666,630.1666666666666,548,7645,5567.2,5463.4
52585,9137,146.33333333333334,113.83333333333333,377,7207,5463.8,5445.2
52612,7690.166666666667,116.16666666666667,382.5,2311,6989,4684.8,4768.6
52621,6340.666666666667,106.33333333333333,28,2139,7753,3727.6,4127.6
52678,4992,134.83333333333334,103.16666666666667,1437,6513,5178.6,5140.4
52683,6934.5,208,740.3333333333334,1074,7030,5440.8,5290.8
52685,3952.3333333333335,164.33333333333334,727.8333333333334,972,7049,5524.8,5373.8
52687,7824,138,66.83333333333333,1180,7340,4962.8,5052.4
52693,6988.666666666667,263.8333333333333,976,1244,7824,5462.8,5316.2
52694,6458.666666666667,315.8333333333333,73.83333333333333,1265,7029,5020.4,5005.8
52696,6968.166666666667,147.83333333333334,80.16666666666667,1645,7574,3842.8,4196.2
52699,2854.1666666666665,169.5,238,1124,6505,5006.2,5046.6
52720,7695,174,193.66666666666666,604,7181,5328,5279.4
52786,8068.5,246.66666666666666,173.83333333333334,1510,6764,5076.4,5009
52788,7629.833333333333,119,53.833333333333336,773,6415,5094.4,5105.4
52835,7802.333333333333,199.33333333333334,318.6666666666667,1172,7304,4103.6,4370.2
52838,8817.166666666666,134.33333333333334,511.3333333333333,566,7664,5305.8,5222
52885,7740.166666666667,146.16666666666666,53.333333333333336,942,7318,5075.8,5031.4
54000,8958.5,360,167.66666666666666,640,6903,5170.6,5202.6
54001,9488.666666666666,382.6666666666667,251.16666666666666,NA,NA,5232.8,5258
54003,7468.833333333333,409.5,165,1713,6442,5034,5080.6
54051,7954.166666666667,245.33333333333334,66.66666666666667,1070,7231,5016,4982.6
54099,8402.333333333334,429.8333333333333,121.66666666666667,761,7704,5267.8,5156
54109,9370.5,253.16666666666666,125.83333333333333,1402,7517,4634.8,4730.8
54125,11164.5,399.8333333333333,9.333333333333334,606,7992,5071.4,5148.6
54128,7679,348.5,96.66666666666667,1035,7403,5004.6,4926.6
54172,8439.333333333334,238.33333333333334,230.16666666666666,434,7414,5326,5356.8
54174,7564,125.5,1.6666666666666667,765,7069,5238,5320.4
54206,13263.5,365,39,1679,7236,4929.8,5088.2
54223,7604.833333333333,169.83333333333334,25.666666666666668,1290,7789,4828.2,4798.8
54239,8952.166666666666,311.6666666666667,259,996,7034,4902.4,4806.4
54245,7625.833333333333,382.5,29.666666666666668,2179,7234,4677.8,4857
54250,13453.833333333334,369.6666666666667,18,1578,6329,4274.4,4607
54261,9592.666666666666,326.5,23,834,6416,4705.2,4846.6
54313,7522.5,224.5,26.5,607,6801,4857.2,4981.2
54344,7677.166666666667,275.1666666666667,7.833333333333333,1930,6898,4420.4,4606.8
54347,4924.666666666667,210,168.5,397,6779,5219.2,5153.4
54377,7045.5,157.16666666666666,54,828,7548,4903.6,4950.6
54385,7827,434,153,1374,6837,4805,4846.6
54398,8882.333333333334,241,211.66666666666666,2291,6932,4738.8,4910.8
54405,8409.5,282.3333333333333,162.16666666666666,270,7303,5255,5276.2
54418,8646.833333333334,315.1666666666667,174.83333333333334,897,6268,5203.6,5130.8
54480,9098.333333333334,211.66666666666666,143.33333333333334,672,7227,5456.2,5016.2
54498,9207.666666666666,350.5,119.33333333333333,929,7091,5373.8,5357.8
54518,7312.333333333333,302.6666666666667,129.5,373,8051,5520.2,5560
54520,8665.166666666666,246.33333333333334,51.5,693,7842,5127.8,5052.2
54553,7311.166666666667,552.8333333333334,166.66666666666666,1064,6089,4581.4,4810.8
54599,6625.833333333333,315.3333333333333,61.166666666666664,646,6870,4948,4950
54660,9397.166666666666,248.33333333333334,68.66666666666667,1233,7063,4933.4,4894.2
54670,6382,374.1666666666667,81.5,2129,6356,4399.8,4795.4
54673,9367,337.8333333333333,51.5,862,6796,4770.4,4926.8
54680,9023.666666666666,222.16666666666666,33.666666666666664,793,7154,4755,4895.8
54720,8249.166666666666,299.5,151.66666666666666,1114,6765,4774.4,4786.6
54743,10019.666666666666,231.83333333333334,110.5,687,7322,5068.2,5140.6
54800,6193.333333333333,387.5,167.83333333333334,1836,6903,4520,4654.8
54810,11318.166666666666,431.1666666666667,24.666666666666668,1114,6052,4680,4821
54820,9024.5,206.33333333333334,175,850,7490,4835.6,4874.6
54871,7053.333333333333,462.8333333333333,5.333333333333333,1440,6989,4841.4,4916.8
54874,7957.666666666667,397.6666666666667,82.83333333333333,344,6783,5120.8,5191.6
63000,8265.666666666666,479.8333333333333,110.66666666666667,440,6717,5002.4,5182.2
63001,8418.833333333334,445.8333333333333,116.66666666666667,NA,NA,5158,5323.6
63111,9045.5,671.3333333333334,121,735,7015,4518.2,4856.8
63130,8046.666666666667,461.1666666666667,153,460,6647,4977.4,5171.2
63190,7692.333333333333,442,63.5,473,6821,4905.8,5079.2
63212,9540.666666666666,441.1666666666667,153.33333333333334,738,6622,4517.2,4717
63272,8248.166666666666,392,125.5,681,6873,4874,5060
63302,9457,612.6666666666666,247.66666666666666,819,6861,4638.2,4932.2
63401,6988.666666666667,643.6666666666666,116.83333333333333,793,6460,4634.4,4865.6
63470,7785.166666666667,513.6666666666666,69.33333333333333,736,6133,4687.6,4890.4
63548,11107,467.8333333333333,56.333333333333336,828,6613,4828.6,4962.2
63594,8135.333333333333,566.3333333333334,41.666666666666664,729,6406,4891.4,5075.8
63690,13801.166666666666,392.6666666666667,0,558,6927,4817.6,4968.2
66000,8909.666666666666,457.1666666666667,138.5,446,6972,5060,5240.8
66001,9798,512.1666666666666,120.66666666666667,NA,NA,5141.6,5316.8
66045,5551.833333333333,436.8333333333333,144.5,771,6932,4502.6,4830.6
66075,8446.666666666666,485.5,246.16666666666666,1025,6819,4662.2,4912
66088,7814.666666666667,490,157.5,770,6602,4690.2,4916.4
66170,8393.166666666666,351.3333333333333,115.33333333333333,258,7052,5213,5372.8
66318,7881,305.6666666666667,118.33333333333333,768,7150,4653.4,4838.6
66383,7231.833333333333,517.6666666666666,128.66666666666666,928,7514,4553,4829.2
66400,9142,516.8333333333334,137.33333333333334,628,6520,4873,5096
66440,7181,549,348.1666666666667,836,6748,4833,4960.8
66456,7493.666666666667,474.8333333333333,204.33333333333334,2268,6525,4423.2,4736
66572,10510.833333333334,373,68.33333333333333,2144,7497,4052.2,4371.2
66594,7611.666666666667,318.6666666666667,140.16666666666666,897,7011,4565.8,4849.2
66682,8615.5,429.1666666666667,211.33333333333334,440,6882,5248.6,5351.6
66687,7242.166666666667,543.1666666666666,225.5,990,6844,4960.2,5123.8
68000,9551.166666666666,314.1666666666667,233.16666666666666,436,7132,5317.8,5333.4
68001,10156.666666666666,345.8333333333333,177.33333333333334,NA,NA,5676.8,5618.8
68013,7179.5,153.5,59.5,1442,7468,5276.6,5236.4
68020,5568.166666666667,229.83333333333334,172.16666666666666,1158,7630,4814.2,5004.8
68051,9275.666666666666,110.66666666666667,48.166666666666664,1130,7247,4668.8,4789.2
68077,9455.666666666666,355.5,400.5,548,6773,5179.4,5195.6
68079,8659.333333333334,187.33333333333334,124,670,7840,5391.2,5305.2
68081,12026.5,324.6666666666667,565.1666666666666,385,7280,5137.6,5264.4
68092,9652.166666666666,338.1666666666667,171.66666666666666,856,6824,4923,4995
68101,7856.666666666667,283.8333333333333,72.66666666666667,1426,7771,4963.6,4926.6
68121,5905.833333333333,136.83333333333334,178.66666666666666,665,7027,5451.8,5520.4
68132,7109.333333333333,146.83333333333334,56.833333333333336,177,8127,5229.4,5118.4
68147,9279.333333333334,189,162,1072,8010,4963.4,4922.6
68152,8275.833333333334,98,45.833333333333336,963,8108,4618,4734
68160,9128.5,133.66666666666666,154.66666666666666,729,7521,4565.6,4639.4
68162,9471.666666666666,165.66666666666666,11.666666666666666,689,7114,5016,5006.6
68167,10165.833333333334,200.16666666666666,222.33333333333334,752,7609,5582.2,5450.8
68169,8504.166666666666,98.16666666666667,0,519,7926,5180.2,5274
68176,9157.833333333334,200,3.3333333333333335,1190,6955,5322,5136.4
68179,6997.666666666667,125.83333333333333,34.5,1525,7355,4800,4924.8
68190,7016.5,504.8333333333333,31.166666666666668,1007,7007,4597.8,4778.4
68207,8729.833333333334,250.33333333333334,86.5,805,7946,4993,4909.2
68209,8438.666666666666,276,365.8333333333333,716,6934,4631.2,4741.4
68211,8264.333333333334,185.83333333333334,152.16666666666666,1062,7752,5625.2,5307.8
68217,6480.333333333333,154.66666666666666,161.16666666666666,1048,7062,4742.6,4690.2
68229,8695.833333333334,215.16666666666666,150.33333333333334,868,7151,4879.6,5039.2
68235,7238,372,48.666666666666664,784,6440,4632.2,4795.2
68245,8900,206.5,79,967,8229,5305.4,5234.4
68250,6923.5,354.5,8.666666666666666,1491,6584,4469.2,4605.4
68255,10180.5,394.8333333333333,256.5,870,6588,4944.6,4967
68264,8126.666666666667,276.6666666666667,232.66666666666666,700,7018,4876.8,4800.6
68266,10492.5,159.66666666666666,200.66666666666666,861,7865,5336.6,5135
68271,7413.5,156.66666666666666,151.16666666666666,1404,7418,4868.2,4895.6
68276,9187.666666666666,303.3333333333333,132.33333333333334,178,7267,5633.8,5611.8
68296,10884.666666666666,225.83333333333334,92,986,7570,4862,4972.4
68298,7187.833333333333,238.5,57.5,981,7256,4788.2,4578.8
68307,7680.333333333333,342.1666666666667,557.8333333333334,289,6788,5201.2,5258.6
68318,8527.5,239.5,160.33333333333334,593,7113,4527.6,4562.4
68320,9006.5,178.83333333333334,57.666666666666664,956,8056,5320,5181.4
68322,8858.666666666666,372.6666666666667,562.3333333333334,733,7202,5293,5028.6
68324,6301,170,286,1457,7282,4522.6,4702.4
68327,10597.833333333334,232.33333333333334,48.5,1202,6930,4781.4,4895.4
68344,9263.666666666666,104.83333333333333,258.1666666666667,1171,7688,4851.8,5039.6
68368,8839,168.5,76.5,1155,8168,5207.6,5139.6
68370,12392.5,324.6666666666667,240.16666666666666,1564,6667,4342,4615.4
68377,7163.166666666667,261,197.83333333333334,671,7486,4910.2,4992
68385,7323.166666666667,326.5,5.333333333333333,1263,7338,4884.4,4987.2
68397,7368,247,233.16666666666666,1417,8019,5152.2,4938
68406,9020.333333333334,293.6666666666667,59.166666666666664,531,6525,5222.8,5190.2
68418,9391.666666666666,268.6666666666667,196.66666666666666,917,7080,4997.8,5029
68425,9936.666666666666,121.16666666666667,91.66666666666667,1162,7284,4533.4,4584.8
68432,11515,182.83333333333334,189.66666666666666,404,8023,5476,5361.4
68444,11315.833333333334,221.66666666666666,65.16666666666667,792,7340,4810.8,4939.6
68464,8923.833333333334,203.66666666666666,181.5,967,7424,5167.6,4950.6
68468,7326.833333333333,137.16666666666666,147.33333333333334,861,7317,4853.2,4763.6
68498,8151,171,203.33333333333334,999,7686,5379.2,5284.6
68500,7838,212.66666666666666,117.66666666666667,776,7461,5345.8,5240
68502,6696.5,141,267.5,951,7542,4837,4850.8
68522,4858,229.5,266.8333333333333,944,7949,5237.2,5224
68524,10092.666666666666,205.16666666666666,0,918,7544,5241.8,5245
68533,8211.5,267.6666666666667,18,484,7799,5382.8,5426
68547,9778,250,180.83333333333334,287,7122,5379,5437.6
68549,6475.833333333333,235.66666666666666,382.1666666666667,533,7492,5135.8,5183.2
68572,12941.5,231,164.33333333333334,756,8023,5322.4,5301
68573,7481.833333333333,506.1666666666667,63.833333333333336,916,6941,4367.4,4585.2
68575,9929.166666666666,435.5,327.8333333333333,928,6953,4384,4578.2
68615,9124,345.5,85.33333333333333,931,6738,4870.4,4920
68655,16741.5,539,66.83333333333333,798,6797,4937.6,5044.2
68669,10634,199.66666666666666,123,833,7488,4996.4,5008.4
68673,5683.166666666667,145.83333333333334,128.5,1197,8169,4897,4986.6
68679,13034,276,140.83333333333334,324,7479,5398.6,5423.8
68682,9329.333333333334,194.33333333333334,87.33333333333333,969,7478,5242.6,5085.6
68684,7178.666666666667,283.8333333333333,337.3333333333333,909,8202,5124.2,4963.6
68686,10076.5,164.83333333333334,577.5,1111,8164,4851.8,4971.6
68689,8041,372,139.83333333333334,786,7034,4989.2,5081
68705,9084.333333333334,403.8333333333333,446.6666666666667,793,7234,4759.6,4858.4
68720,7482.5,266,102.83333333333333,1061,7440,4590.4,4660.8
68745,9822.333333333334,344.1666666666667,102.83333333333333,1113,7542,4855.4,4949.8
68755,9500.166666666666,323.1666666666667,151.16666666666666,386,7580,5327.8,5320
68770,9726.333333333334,269.1666666666667,209.5,985,7149,5126.4,5082
68773,7764.833333333333,225.66666666666666,70.66666666666667,1004,7273,4976,4917.8
68780,10010.166666666666,250.5,203.33333333333334,677,6341,5515.2,5148.2
68820,8498.333333333334,234.5,53.833333333333336,639,6212,4972.2,5077.4
68855,10685.5,245.83333333333334,181.33333333333334,958,6426,4983,4988.4
68861,8189,315,231.16666666666666,854,7337,5072.8,5102.4
68867,5472.833333333333,133.83333333333334,68.66666666666667,610,7813,4631.2,4785.4
68872,10695.166666666666,279,61.833333333333336,672,7432,5340.2,5234.8
68895,10960.666666666666,339.8333333333333,131.83333333333334,506,7605,5094.4,5113.4
70000,9672.833333333334,331.8333333333333,84.83333333333333,1241,7310,4765.8,4911.2
70001,9892.833333333334,297.5,71.16666666666667,NA,NA,5059.4,5187.4
70110,9032.5,577.6666666666666,379.6666666666667,1349,7246,4833.6,4804.2
70124,10080.5,396,33.5,1891,7388,4343,4547.4
70204,12066,271.8333333333333,495.3333333333333,1718,7678,4410.8,4687
70215,10441.5,300.8333333333333,58.166666666666664,943,7544,5036,5136.6
70221,9582.833333333334,345.6666666666667,252.83333333333334,915,7207,4594.4,4832.6
70230,9169,375.3333333333333,320.6666666666667,2118,7256,4072.2,4510.6
70233,8425.833333333334,461.3333333333333,58.166666666666664,2233,6676,4813.6,4749
70235,9044,368,62.333333333333336,1357,7290,4878,4979.4
70265,8654.166666666666,400.5,135.66666666666666,1542,7122,4301.6,4566
70400,9749.333333333334,153.5,35.833333333333336,1700,7713,4897.6,4937
70418,11083.666666666666,244,77,1454,7348,4592.2,4732.6
70429,10545,248.5,47,1502,6181,4141.6,4461.6
70473,7978.833333333333,299.8333333333333,41.833333333333336,1135,7349,4706.8,4883.6
70508,10289.833333333334,258.5,98.66666666666667,1852,7077,4475.6,4664.4
70523,8433.833333333334,185.83333333333334,82.33333333333333,1890,7054,4443.2,4486
70670,10462.5,259.3333333333333,42,1566,7097,4479.2,4645.4
70678,9192.833333333334,484,66.66666666666667,2119,7428,4177.4,4425.8
70702,9702.5,282.1666666666667,112.33333333333333,1493,7523,4631,4703.2
70708,9251.333333333334,474.3333333333333,43.833333333333336,1662,7071,4541.4,4757.4
70713,9329,389.5,83.5,2078,7002,4312.8,4503.4
70717,10836,311.3333333333333,214.33333333333334,1260,7329,4954.2,5011.8
70742,7909.833333333333,471.6666666666667,125.66666666666667,1294,6964,5001.8,5037.6
70771,10024.166666666666,335.5,46.5,1877,7392,4573.8,4670.8
70820,8678.166666666666,257.6666666666667,67.33333333333333,979,7176,4755.8,4891.8
70823,10415.666666666666,367.1666666666667,125.5,1304,7305,4658.8,4790.2
73000,8718.5,353.6666666666667,74.5,607,7101,4852.8,5022.8
73001,8858.666666666666,285,46.333333333333336,NA,NA,5104.6,5275.4
73024,7937,292.8333333333333,8,854,7411,4870.2,5003.8
73026,8268.166666666666,476.3333333333333,89.66666666666667,1180,7095,4835.4,4905
73030,8358.833333333334,629.5,519.1666666666666,980,6491,4624.8,4654.8
73043,4820.333333333333,460,16.5,1020,6652,4694,4868.8
73055,9172.833333333334,311,14.666666666666666,918,6470,4725,4857.6
73067,8617.166666666666,410.1666666666667,25.5,1126,7270,4568,4676.2
73124,8605.5,366,141.5,711,6793,4611.4,4836.6
73148,10377.166666666666,303.1666666666667,0,614,6845,4671.8,4778
73152,7789,307.3333333333333,100.83333333333333,1094,7156,4722.8,4956.6
73168,9381.666666666666,306.5,54.666666666666664,920,7164,4704.2,4863.4
73200,6846.166666666667,175.5,139.83333333333334,1365,7533,4510.6,4749
73217,8707.333333333334,346.8333333333333,143.5,1440,5397,3944.6,4194.8
73226,8320.666666666666,450.1666666666667,42,1073,6362,4576.2,4682.4
73236,9535.833333333334,346.5,86,832,6744,4947,5058
73268,8984.333333333334,350,129,534,6641,4756.2,4917
73270,9013.666666666666,369.3333333333333,43.166666666666664,1105,7782,4888.2,4984
73275,7967.666666666667,378.8333333333333,59.166666666666664,452,6900,4450.8,4678.4
73283,9219.5,410.1666666666667,127.33333333333333,828,6866,4832.6,5058.4
73319,8685.833333333334,317.8333333333333,131.16666666666666,853,6880,4355.4,4570.6
73347,8481.333333333334,489.1666666666667,337.8333333333333,945,7363,5039.2,5159.8
73349,8583.833333333334,390.6666666666667,157,640,6763,4904.4,5069.2
73352,9480.5,392,40.5,826,7359,4806.4,4865.8
73408,9649.833333333334,332.3333333333333,105.66666666666667,845,6944,4658.2,4801.8
73411,9164.666666666666,399.5,142.66666666666666,838,7207,4987.2,5169.6
73443,10256.5,404.6666666666667,123.33333333333333,614,6919,4841.2,5068.8
73449,10627.833333333334,265,23.666666666666668,361,6677,4931,5085.4
73461,6593.833333333333,332.1666666666667,280.1666666666667,966,7140,4903.4,5009.6
73483,7558.166666666667,441.5,82.5,1008,7069,4388.2,4526
73504,8675,268.5,44.333333333333336,1013,6987,4285.8,4511.8
73520,8322.666666666666,303.8333333333333,73.66666666666667,901,6798,4817.8,4923.2
73547,7487.166666666667,224.5,116.66666666666667,934,6570,4790.6,4919.6
73555,8314,696.1666666666666,35,984,6388,4428.6,4690.2
73563,11102.333333333334,436.6666666666667,61.166666666666664,1076,7720,4705,4777
73585,7823.166666666667,338.6666666666667,63.166666666666664,866,7116,4463.2,4663
73616,7243.833333333333,595.5,37.666666666666664,1096,6904,4595.6,4821.2
73622,8708.833333333334,616.3333333333334,1.3333333333333333,611,7191,4552.6,4695.6
73624,10768.833333333334,529,47.333333333333336,1007,6807,4634.6,4766.4
73671,8753.333333333334,244.83333333333334,149.5,749,7014,4521,4646.6
73675,9187.833333333334,436.8333333333333,46,955,7108,4474.4,4733
73678,7042.666666666667,270.6666666666667,37.5,1318,7076,4897.2,4881.2
73686,8696,361.6666666666667,15.666666666666666,989,7621,4821,4972.6
73770,6826.666666666667,262,0,1250,7261,4591.6,4759.6
73854,7149.833333333333,433.5,36,1446,6912,4647,4680.2
73861,6381.5,276.3333333333333,178.16666666666666,998,5737,4841.4,4957.4
73870,7561.833333333333,505.6666666666667,89.5,948,7428,4954.4,5143.6
73873,9513.166666666666,554.1666666666666,105,887,7427,4736,4825
76000,8192.833333333334,336.1666666666667,149.16666666666666,346,6912,4981.8,5194.6
76001,7794.166666666667,313.8333333333333,112.33333333333333,NA,NA,5140,5336.8
76020,5030.833333333333,813.1666666666666,216.5,985,6546,4455.8,4802.8
76036,8656.166666666666,277.5,83,465,7032,4802.6,5090.4
76041,7553.166666666667,750.8333333333334,177.66666666666666,943,6395,4466.6,4777.4
76054,7054.333333333333,595.5,25.666666666666668,1286,6764,4508.8,4778.2
76100,9156.5,502.8333333333333,240.83333333333334,996,7150,4814.2,5037.8
76109,7553.166666666667,245.66666666666666,67.66666666666667,695,7210,4350,4642.4
76111,10410.166666666666,492.6666666666667,273.6666666666667,302,7349,5116.6,5287.6
76113,9497.5,187,129.16666666666666,683,6999,4730.2,5013
76122,7815,509.6666666666667,162.5,786,6815,4781.6,5005.2
76126,9681.5,271.1666666666667,38,527,6603,5046.2,5297
76130,9913.333333333334,327.3333333333333,161,358,6929,4808.4,5038.8
76147,8387.833333333334,153,669.1666666666666,426,6955,4927,5169
76233,10109.5,303.3333333333333,234,667,6259,4752.6,5008.8
76243,7583.666666666667,476.1666666666667,59.666666666666664,1112,6781,4445.2,4822.6
76246,5714.333333333333,609.3333333333334,21.666666666666668,900,6996,4703.4,5054.6
76248,9666.333333333334,425.5,153.83333333333334,468,7025,4813.2,5017.2
76250,8834.333333333334,401.8333333333333,170.83333333333334,1249,7016,4951.6,5084.2
76275,9711,370.6666666666667,293.3333333333333,532,6997,4929.2,5072
76306,10801,299.1666666666667,315.1666666666667,368,7195,5089.4,5310.6
76318,8302.166666666666,326.6666666666667,84.5,531,6992,4700.6,4936.6
76364,8581.333333333334,399.1666666666667,54.5,273,6908,5077.6,5257.4
76377,10259.833333333334,317.6666666666667,140,628,7025,4974,5205.4
76400,7713.5,432,83.33333333333333,514,6339,4905.6,5141.4
76403,9038,317.6666666666667,65.33333333333333,838,6753,4690.4,4931
76497,5896.166666666667,456.8333333333333,39,911,6241,4653.2,4948.2
76520,9464.833333333334,366.5,275.1666666666667,258,7004,5182,5322.2
76563,7603.166666666667,305.3333333333333,109,727,6946,4822.4,5008.2
76606,9776.166666666666,299.6666666666667,200,642,6705,4749.2,5040.8
76616,9974,462.1666666666667,304,834,6899,4586.2,4862
76622,9831.333333333334,332.1666666666667,135,441,7341,4980,5216.2
76670,8081.333333333333,326.6666666666667,101.33333333333333,541,7161,4574.6,4836.8
76736,7313.833333333333,317.8333333333333,121.66666666666667,779,6691,4879.4,5121.6
76823,7344,661.3333333333334,117.33333333333333,976,6342,4561.8,4848
76828,7967,462.5,49.5,963,6847,4609.4,4919.6
76834,8983.666666666666,452.3333333333333,111.66666666666667,381,7154,5040.2,5280.6
76845,8132.166666666667,539.5,255.16666666666666,876,7287,4808.2,5065
76863,8329.166666666666,712.3333333333334,32.5,832,5839,4661.2,4943.4
76869,8960.833333333334,267.1666666666667,182.16666666666666,594,6929,4694,4870.2
76890,8739.166666666666,219,194.83333333333334,580,6096,4809.6,5078.2
76892,9109.666666666666,336,147.33333333333334,358,6551,4738.8,5007.6
76895,8300,372,138.83333333333334,529,7319,4717.2,5029
81000,7722.833333333333,385,425,666,6688,4941.8,4998.6
81001,7166.166666666667,374.5,444.3333333333333,NA,NA,4877.8,5028
81065,6923.833333333333,379.6666666666667,448.5,955,6603,4919,4968
81220,7894.5,467.5,627.6666666666666,871,6911,4708.2,4826
81300,6900.5,332.8333333333333,353,834,6594,4800.8,4829.2
81591,7424.833333333333,547.3333333333334,235,783,6616,4625.4,4644.6
81736,8508.5,381.6666666666667,440.8333333333333,691,6708,5155.2,5120
81794,9260.166666666666,406.6666666666667,397.1666666666667,568,6609,4875.8,4958.4
85000,9895.166666666666,310.1666666666667,258.5,496,7061,5029,5056.8
85001,10450.333333333334,292.3333333333333,375.1666666666667,NA,NA,5099.2,5132.4
85010,8410.5,261.8333333333333,193.5,694,7191,4955,5040.2
85015,6146.833333333333,215.16666666666666,369.3333333333333,818,7143,4637,4633
85125,9157.5,388.5,247.66666666666666,623,6926,4660.4,4696
85136,7284,133,435.8333333333333,864,8072,4840,4765.4
85139,11751.833333333334,409.1666666666667,269.5,577,6905,4889.2,4899.8
85162,9374.666666666666,307.3333333333333,80,569,7238,5020.6,5018.2
85225,7971.666666666667,273.8333333333333,110.5,1016,7229,4851,4714.2
85230,10939.666666666666,436.6666666666667,400.1666666666667,820,7391,4680.8,4802.4
85250,11578.166666666666,286,156.16666666666666,533,6830,5112.8,5078.8
85263,11366.333333333334,314.5,170,580,6599,4995.8,4973.4
85279,2346.5,290.8333333333333,468,776,6154,4647.4,4675.2
85300,10409,308.5,123.83333333333333,746,7486,5126.4,5086.2
85315,5176.333333333333,136.16666666666666,136.66666666666666,643,6991,5196.8,5068.8
85325,7950.833333333333,336.8333333333333,500,530,7388,5198.6,5094
85400,8499.166666666666,308.3333333333333,489.5,784,7778,4939.6,4949.6
85410,10017.666666666666,307.8333333333333,118,491,7345,5031.8,5124.2
85430,8209.166666666666,418,59,602,6801,4939.6,4932.4
85440,11425.333333333334,308.1666666666667,128,492,6412,4985.6,5055.2
86000,7759.333333333333,557.6666666666666,227.5,600,6932,4805.8,4902
86001,10161.666666666666,436.5,380.1666666666667,NA,NA,5054.4,5099
86219,7830.666666666667,417.3333333333333,221.83333333333334,574,7606,5090.2,5138
86320,6384,607,118.33333333333333,682,6965,4719.2,4851.8
86568,9041.5,560.1666666666666,206.5,592,6763,4698.2,4836
86569,6326.833333333333,617.1666666666666,299.5,733,6409,4637.2,4737.2
86571,7231.666666666667,830.5,175.83333333333334,848,6639,4802.6,4841.6
86573,12905.5,803.6666666666666,192.16666666666666,748,6841,4447.6,4631.4
86749,10397.833333333334,219.66666666666666,193.5,496,7526,5180.4,5200.4
86755,6002.666666666667,380,159.66666666666666,553,7583,5046.4,4992
86757,5387.333333333333,524.6666666666666,173.83333333333334,764,6740,4445,4658
86760,5336,516.6666666666666,165.66666666666666,705,7041,4846.2,4999
86865,5840.333333333333,461.5,228.33333333333334,579,6587,4707.6,4827
86885,10303.833333333334,556.6666666666666,316.6666666666667,521,6873,4946.8,5003.8
88000,7173.333333333333,155.16666666666666,303.5,123,6873,4705.4,5035.4
88564,8751.5,188.66666666666666,242.33333333333334,128,7220,4450.4,4625.4
91000,8183.333333333333,446.3333333333333,586.8333333333334,565,6989,4261.8,4584.2
91001,11224,542.3333333333334,535.6666666666666,NA,NA,4392.6,4707.2
91540,6840.5,412.3333333333333,837.5,811,6863,3641.8,4083.8
94000,7574.666666666667,687.5,332.3333333333333,874,6613,4764.2,4783.6
94001,10646.666666666666,665.6666666666666,272.8333333333333,NA,NA,4900.8,5003.4
95000,5996,402.3333333333333,245.33333333333334,652,6992,4667.8,4780.6
95001,6980.666666666667,439.1666666666667,304.8333333333333,NA,NA,4669,4821.2
95015,6099.333333333333,282.3333333333333,190.33333333333334,712,7043,4851.8,4937.6
95025,4586.333333333333,322.1666666666667,55.666666666666664,726,6869,4583.4,4596.6
95200,3093,362.6666666666667,182.83333333333334,1024,7340,4531.8,4668.6
97000,6192,624.3333333333334,390.1666666666667,996,7019,4141,4377
97001,6298.333333333333,606.1666666666666,406.3333333333333,NA,NA,4158.6,4414.2
97161,7606.166666666667,593.5,216.5,1008,6957,4046.4,4272.6
97666,11051.166666666666,868.6666666666666,375.6666666666667,1518,7107,4201,4365.8
99000,7344.333333333333,765,554.6666666666666,1157,6484,4582.6,4739.8
99001,9760,809,436,NA,NA,4672.4,4850.8
99524,6050.166666666667,591.8333333333334,404.3333333333333,781,7156,4861,4970.8
99624,7514.5,626.5,294,786,7174,4862.8,4952.8
99773,7210,799.1666666666666,660,1369,7147,4214.6,4348.8
